wallet,score
0x0f3c2476fbf0ed09dff00ea7f4ef252dcc72e6f1,100.0
0x4654f56a64301b9b582f843f97332d96ead11ff8,99.54
0x505e20c0fb8252ca7ac21d54d5432eccd4f2d076,98.73
0x6316ff9d2c96b6b122e0dd632ab5831e0bf5bd10,98.16
0xdf0635793e91d4f8e7426dbd9ed08471186f428d,97.89
0x7e5ce10826ee167de897d262fcc9976f609ecd2b,96.82
0x419385075dff229926a63812ac1adc397ac32e27,96.62
0x5632cf9a1b4ac936a3c6d3d66eb75c0344c61c2d,96.55
0x9fd31424cfceab50218906bc1b3d87fe7778ca61,96.53
0xe20ee1d250c8d3e0bd140306121001bfdc7a1201,96.47
0x0e0ec712b3912b5601216455a158cf18152cb62a,96.47
0xa574c53d63550e535c8b78f0e2a33bbe3c56ef2b,96.44
0xd2925983502b2f849c96dbe449179e8b09d8c6a7,96.41
0x32c6b5db05b98907a29baeb7d09c79c95498b17a,96.36
0xd19604efb40ece1efd6df5de6d3892112b51e99a,96.33
0xbed4e3cd89918563a9ce4b04cf5379daf566bd53,96.3
0x0be0ecc301a1c0175f07a66243cff628c24db852,96.17
0xcf32352be14b4c39ea7b914f8c302de4d67f0ff6,96.17
0xb678853c57b94da8e6ffbf0e792e9c31788d84a2,96.11
0x81da4f0bcea8d330d790da28bf5349d29ad51fda,96.05
0x6168bb05ccb4aaded0169602bbb6e3cae12902c5,96.04
0x322d58b9e75a6918f7e7849aee0ff09369977e08,96.04
0xd6390178b2002a0758e8b3486fddc1c4bc23ebe1,95.95
0xa17f75c6d52951699350f308d1220e2dca7b4cda,95.92
0x09cdd1ec94503878479e472cfb3573e145370a86,95.86
0x4c77ca7ff8e548806fdc88e4dfa8ea1e493a450a,95.83
0x121667b6690f5040c672c3df912a5aaf8735ca23,95.8
0x42b9df65b219b3dd36ff330a4dd8f327a6ada990,95.8
0xb28cf9fcfaa079ff21ceddbfc7b4b2fb9c7bd70f,95.76
0xbe808ea4b07c96f770d221871331fd2ccbab4853,95.76
0xe69f609c75f8640fa034166c63929f2875c01343,95.73
0xb7128fb2180aa8d93c769ee7d261950c9acf002b,95.72
0x3e3742b6b7c0add19eb155c72eacbb6bfc8958dc,95.68
0x8e5d30f161ba3ebb09dc3c1f06515656af34baa1,95.64
0xedcd518221d67769f2a85acf801e6ba4918a55c7,95.64
0x9b67bbf26fff9b8c446b344959f3eb43168c2734,95.57
0x531146f30be47bb171cb2039c25a4ae5d4fe164e,95.54
0x285306442cd985cab2c30515cfdab106fca7bc44,95.54
0x9ce8f85083fcf364467a827cb15730102306ed1c,95.54
0x3b2e298b401d1e11ce6ee82b54792ca435ce81ec,95.52
0xa1df7157e5eb60c4f9bcffb6a2f725a4b6492ca7,95.52
0x0b013cca6335dd62353ca60ecec9c39b5227d270,95.51
0xb435871b0959561226b4d903b1abf79528177e81,95.49
0xc25c0092307a5b8afd8a4bd01351a92579040951,95.49
0xae3c67b8aa12e458f2b4eafc0e9209710582c9d3,95.48
0x2923be587904f3034ffab36c86c495df3c21bc97,95.48
0xec8e446c52f2d4ac9048aff1813c636ac8334fc9,95.48
0x1cf6437111a85cb37603650f278b80655a1c43e9,95.47
0x9eb7fa865937d1e92a1c1d10ccb5240757e93227,95.45
0x869ec00fa1dc112917c781942cc01c68521c415e,95.43
0x6655459bab7a5e99f2d61279316f6d0a465be784,95.42
0x9dfac9bbe1119da5dcdd7b095db40920cde878ef,95.42
0x30377714d83f02be07189b321c94d554fcaeb3df,95.42
0xcd5f8fa45e0ca0937f86006b9ee8fe1eedee5fc4,95.38
0x4527c75dfc50a5390dc663f81b627c39e7b9acad,95.29
0x2eeeedef8f6d93facfb10521103eb377cbf930a4,95.28
0xcc98bdc61f62f09167670399110074d2eca72bdc,95.27
0x01e8a979e7c5a1bb5c7af02a5f11263d0af4c19e,95.26
0x9317e25590aaa62be015aff026702f3b960131a7,95.24
0x8e55ae759901aa0d0550b03d79cf1f2ff5eee5b4,95.23
0x0aba55c93cf7292f71067b0ba0d8b464592895ca,95.22
0x009b56330ae5ec5042b9ca46ddb3043cc0d006f3,95.22
0x9640a35e5345cb0639c4dd0593567f9334ffeb8a,95.19
0x2aefafa691982dd8431b03e584988b80c5c0b977,95.17
0xc2351c961181ecd4e682857224e873ebbf956fde,95.16
0x877da30d93546e4585bfd616250c61b7e0e2a76d,95.15
0xae5fb390e5c4fa1962e39e98dbfb0ed8055ed7a9,95.15
0xca4a4e011bdeb6e5cbc229b882ee20ad3231096a,95.09
0x67d3ccbd1d81e7b1427b70d94454e0039271d237,95.07
0x1057bea69c9add11c6e3de296866aff98366cfe3,95.07
0x74c4623d7609f3eb2665ad32ff96b44856b6051b,95.07
0xec75e6ae612401d4188266eb731697339b9b0f36,95.0
0xfd1935fd3c8f49723deb7296c58ba4bb1a0e48e1,94.97
0x856c63f6a02c1e175e36839ed262ee4e85e78a22,94.95
0x84443f61efc60d10da9f9a2398980cd5748394bb,94.95
0xb6d94226eab23ac1602113bae51e0f37d92a50bf,94.92
0x736e108bcdd0c48771878caa148c1254689a941d,94.91
0xa2382d2c0f5c3eab3015827e6be407e53f5876a0,94.83
0x3d534d4f6099b94846b905068bc1d420258065e8,94.67
0xa6dffbc492e1dccae78bf4f6f6c13b1f96469e11,94.67
0x64ae361c1c55f61a02d2c67a4c78457d5169ac56,94.66
0x7c6a9ca96a045a8fdac350f89cbd98a0e40ba057,94.63
0x644239848c7b402d813295893db428aae7cc4cb5,94.63
0xe4b205c76b78cf72012d6040c33429dba9bbd19b,94.57
0x1fcfd25b25ccead63665cf867f4f7cba3e75de64,94.55
0xad923feeeef3598217bd2d7d5d1181d8c386ca88,94.54
0x45ce9d7bdadb704c68242118e2b8586e491e5c51,94.51
0x80cbe79db5cba89d98b751d706f76b7980176293,94.5
0xa24f2e6dcbd2da9a220958401dab74b365bd34e1,94.46
0xd3d4ce329824372655ba5303d609a73e56693164,94.42
0x35440df5c2fab7f5dd7c101fdf94a039a00c6ab7,94.41
0x03ed2992a1d07ab57ec01f0c8914e22b53e48d87,94.4
0x14559df3fbe66cab6f893d8dd53f7bfe68de9c65,94.39
0xdd3b9186da521abe707b48b8f805fb3cd5eee0ee,94.39
0xc9e7a40b20e2b10b3619109a74e9e6ef17c31299,94.39
0xefd0199657b444856e3259ed8e3c39ee43cf51dc,94.39
0xc15792b8578fc26c10de7f88191ecff579151866,94.36
0x4c0c59f3e1e8727c60ed7bdddbb454ce4814458d,94.35
0x2fa1859029a483defbb664bb6026d682f55e2fcd,94.35
0xa8560117ccbe413074c420f3fa83f842b65e0999,94.34
0x4f5c0754c5f90e722d78964644bd29687b87c584,94.34
0x07326cbe4792e8e3c1f61c66fefee8253eb2db0c,94.32
0xeba9d7523c1842907587c92dedccbeff49c9ad77,94.31
0x502cb8985b2c92a8d4bf309cdaa89de9be442708,94.3
0x7a6ab4fe07d4b65a3a3b4a28cbde57ebaed9cd81,94.27
0xa5cd3bc3f3d34b3a716111643e19db88bfa649c7,94.26
0xfa5756494fea34c83808ccb6626f6b7e66d46c4c,94.2
0xff19ad332cc5bb32703a3058c6f93ce177cfbb08,94.2
0x7345c51439d1c84949f56a6ad0ecdf3f3f1d2be2,94.19
0xa7b95d2a2d10028cc4450e453151181cbcac74fc,94.17
0x985c0748a95d30ba0585dbc33c4c366a56be8ed3,94.13
0x45ec2ca047fd21f8d92e9ad7d03b839a6657bc08,94.12
0xaec0d9389d27359c4eda77a81eeb71b1e68c2ada,94.11
0x8094f015cbd787e16a65ad0ab606c41d78c1887f,94.11
0x1a2d4efc833d4a32728b149b6fbaeb0b948d4bbe,94.09
0x7c76f4db70b7e2177de10de3e2f668dadcd11108,94.08
0xabeab690bd56d307f4bb3b59c2f209c353ee057d,94.06
0x2b6a4f029de9f6a17c0413b393770cacf28f6c8c,94.05
0xb375e0c12bfa084d269dcbf412ea1d6b100aae5d,94.02
0xca1a7fc6cab553ce65f7c33c6e3eba6de954efc6,94.02
0xf0b4fb521eee7561e746a2e01ef933c5a2225809,93.99
0xc691635a9702d8a7a3a3b69a96623739be260965,93.98
0x904505327ac551de0e33fa33d8c744f8ced5d171,93.94
0x96c8e2a1eab72eea758b6694fb2217c4118bb803,93.93
0xbabe31056c0fe1b704d811b2405f6e9f5ae5e59d,93.92
0xd63b87fa46652a28cb3ffcbc56f7721fc60943ad,93.91
0x0006e4548aed4502ec8c844567840ce6ef1013f5,93.89
0x75d3fcbac90c72c32675cd80b109454100f3c9d3,93.88
0xb631651cb570ba0c0d696bd5e4860cbd214f20a0,93.85
0xb535ac19df533873c2c640df6cd644cfbf8b5d39,93.85
0xfd72fac7d08f9912e5d02091417304d5a0072e2b,93.84
0x6c5d0d9eb1243903775ffdbc8f5d29b04ce3670d,93.82
0xd998171b51dede5bb420228f8ca6e349daf0fd62,93.82
0xb141936c797fb48714c37f9168d8dedd47975191,93.81
0x57e95fef87149570fc1f4c8a1baaf57aa45a89c4,93.8
0xfb0018ad46c669b6a4c0e589c53db27daf7f7930,93.78
0xdede431dab9a59a99d6c6e7f998ebccc3cbaefd7,93.75
0x97889c952368b5ae0def08eb845ec1ca212b6f2d,93.75
0x9064f45ddb3875b83ce86602330e493e6abda6f1,93.74
0x8fecb44f0393b6936ec7b402c3c28cd85e783588,93.73
0x1a01ea6f99123f161554ae7d489976fb95d0309b,93.73
0xe9e9b34920131985d5e948c56cc8e34a9e1fcf22,93.73
0xd527c56dc2ac6a71f04242548039d07006e9103e,93.7
0x000be263b3ceb55d22ed9b40d7619f62c4862c80,93.7
0x40941f5619974c639fe13fe977fd92805fc10ec3,93.69
0xe40afc776c18d8925199dcce78d0b06c9222b896,93.69
0xd18a54f89603fe4301b29ef6a8ab11b9ba24f139,93.68
0x737284cfc66fd5989f2ac866989d70ae134227cb,93.65
0x6a983e653d6d7c81fbd29dd7cc638b6f36242d08,93.58
0x57ef012861c4937a76b5d6061be800199a2b9100,93.56
0x60dc0b25f6aa160ec8748a52f6c360c213454bd1,93.54
0xf189bda172ddc4b6250b8c2cfbc174af18d3ad29,93.51
0xa7ff0d561cd15ed525e31bbe0af3fe34ac2059f6,93.48
0xa53a13a80d72a855481de5211e7654fabdfe3526,93.47
0x65d25e3f2696b73b850daa07dd1e267dcfa67f2d,93.46
0xcdebcf59ee33978320ca2ebcd433ace6144c63c4,93.46
0xbd9ed130a53cfafcf81502e4d35329a6c4d53410,93.45
0x6b790599ea89be7f68268eea87bbba9cab5cfb68,93.44
0x54f987c0a786031357427211046d9e7ef61f3891,93.44
0xc721921b29618680c19f4a4d1458f82689c126ce,93.4
0xe6c58978d013b757eb315bd6fd776bee2ee2b63c,93.39
0xe6f6f9492098aad009faa3f9b84f35c0b6ee7f3c,93.39
0x55857b9a18e15a298136b3118af86bc9503b3eb5,93.38
0x0c3f70c14b8bb96d6b74af35c6ab7f85f77a23ba,93.38
0xe8324c980791df99215b4e337d1dee5f5c0988a8,93.37
0x5da581400c1a404811ab251680e24eb73f679f18,93.35
0xe2850aeceac7e8d955813100098606bfd1a01fdb,93.35
0xd84e11bee5d555ccd905817cb8cbbd5b6e6c4f0d,93.34
0x8f242eea01d82852cc9db9c64db449f232786011,93.29
0xee37f338220479c8f652e3557f02513bdb11c160,93.29
0x2848b9f2d4faebaa4838c41071684c70688b455d,93.28
0x849f17c54d6dda08162ef328131048d95b9b2c71,93.27
0x815721a8b174a18aec0c434706c289b08230f3ea,93.26
0x6cbf891ec109e6e9e1893dd33f145719540cd834,93.23
0x1390743368d3d548cea3e371f8da81da2ffde2c1,93.2
0x930a7cd60a633128b7c5181307781e6d033ba51a,93.17
0xdbc9454541a32fc0cc1b76cfc674a76aab6233a9,93.16
0x9dafd2b0627955f9398f65324af581d44958d4d8,93.12
0x890a41bffc0213e479cf470dcdfebe413cce3389,93.09
0x73555792708d34d5d2c3fce67134ea691ceb4d65,93.04
0x90c3729672a0b7a9bb7553e76c477cf873e3bc33,93.03
0x23cc917f53ed08c028a9b60067d4de1d7db77f5a,93.02
0xfcb6a30ef6f39edb1c3f8b5dcd5eade4efc2cb1e,93.02
0xfeff33456de40aa9ffc85b796cb731b91ea6eb04,93.02
0x70056d4450ddc31a61146fe91283aa3f645ec1e1,93.0
0x083674408a89ccbb0fc9653cf93a1de0b017a2e2,93.0
0x1a6db538813dbfa63e1f19f8804447187b7d401d,92.99
0x6a8ff90e596e037b2ded3881c19ab4fd1727a0c8,92.98
0x52405eff99dd4c2015463dc511573344f2e2e8d7,92.98
0x5eca9a84b31f7dcd83c68b015df498b0c4f65f6c,92.97
0x9079a0a7e0ebee7650c8c9da2b6946e5a5b07c19,92.97
0x98f365b8215189f547e0f77d84af1a2cb0820c72,92.96
0xc610ac3017b833337d2e68255855436d3e0ff114,92.95
0x92be89852867b06d8f77e110d95e7e5dad2f5359,92.92
0xa5c3a513645a9a00cb561fed40438e9dfe0d6a69,92.89
0xee3f8ef1d3cdd0cf80bf3ad103aac1c6e0647ced,92.85
0xecbc2901efd668a049ec86e847c3a70552d128a7,92.84
0x2577a8539cb2194acd72f035dbb691ce5f406d3f,92.83
0xa4f965e38a7d2795f43eebbed1c160319adbee04,92.76
0x85697c00fb7bfdd5b31826f4e807459fb9941b19,92.76
0xe670c92e93f88761004f86b28c101cd8b9ca57a9,92.76
0x6bb740b57627123ecb2debe195ea5b225b4f9ad8,92.7
0x970991bdd61aed3c2cf91e9bf6944960561dbcf5,92.67
0x66c7a7348250f453a37cf86410a946f9668de386,92.65
0x2c99d50eb4daa1d26b5ba0b1daab58cbfc0ac3e6,92.65
0xc2f82a1f287b5b5aebff7c19e83e0a16cf3bd041,92.63
0xec45c8fd6c9844be241fc2ef399f267a21210fd5,92.62
0x786f9e6c7d47250b02835d08aee55b52f42220a5,92.62
0x8ab0fe3d61e372a0caa2b2acf6d1ffdefd1c645a,92.6
0x95ad647b9e6174294573aa4b8a2681ec20d44594,92.59
0x7ed40353909c23fb61bc2bb29096ea1bbe53f966,92.57
0x58a2f87490292bed41297fbdb50bbf716e80b016,92.55
0xeb64340f380b8c2e708c390a1a6be7d7c9c1c4e8,92.41
0x606420fc17e08ce7d85a5068cede5542c0e47128,92.4
0x1ee5d92751c7141798b399dffa49e41591bf3caf,92.4
0xef492b2d863b4e68330b4ed0b39708d3846b3420,92.38
0x5c10afd2e8c8ae7e282aea60759209f32edfe3d8,92.37
0x30781d7d755845fa50bfdb63ba7b9426a760f3b1,92.33
0x00809b9263aab2856bf65be3d3bc3fcb9e19c1fb,92.28
0xee4e262d30c9e69e4a9a82ab4910e8d94c081b56,92.28
0x72a38f45f57d8c25425a1712e7bf121159bf48dc,92.27
0x58df55d6ab2db99d440241a607d91898b9ffd046,92.22
0x1955c2b76b1cf245795950e75eb176080879da50,92.22
0xd1929ff028686a33cc436b2a82d71446bbeea1a1,92.18
0xc6af895832bf156c59c8c0b59fc31179d5f7019f,92.17
0x90eebf17ddf3c8ff2d096bc9fe0905cb2bd3d81f,92.16
0x1fc931e464b63cd55e69c1fd4461317fe35ff771,92.14
0x523c8b962707252201fc9289289081507f58af4d,92.1
0xaaa4ab4966e54d856bf2fb33a850285b30ed45e3,92.1
0x7c8dd864ded4030d42883b72dc7643bd7646f1ca,92.1
0x23395e68e4a65b5b9b33e3819f6a3058752a1a2e,92.06
0x520632e2a0744d5e412d940607057712962678c9,92.04
0x66215d23b8a247c80c2d1b7bef4befc2ab384bce,92.01
0x0d5926184e886db1a736d88f0fb257be3f99ebd5,92.01
0xc424e90ace50df63efe178ed5f28cf3759cf51ea,91.93
0x9b4e28020b94b28f9f09ede87f588e89c283cffd,91.9
0xb082ddfd74748b763f52f04558e5f814a56de67a,91.85
0xdc5e2422ae2d45f7f7f5b4109624285bb9b358f8,91.85
0x3e2dbda5f310aade1503557b2e7f356eaf161641,91.83
0x6f1cffcb8a199602b26965fabe278ef178774942,91.82
0xc37027c11b6b416462aa7b589e6f7937ce220327,91.82
0x8b59ae6ec3ef31c796600373a0add1d91bd1c00e,91.79
0x4fe95c36bb9b3a81f278569525162f91615e77d7,91.77
0xb97d56feebcd2d8ef7c17d2123164fa3bddd97e7,91.76
0xb24b54fe5a3adcb4cb3b27d31b6c7f7e9f6a73a7,91.75
0x54232d4fff02af44d0a5ff43e96cdc8d154a1659,91.75
0x199da66fea63520d64b213ee3e7eb7cdfb650d62,91.74
0xf10d5716c7d6fcca6301fcafb9bddb7053854919,91.74
0x65c1d220e067b9339e7d136c74e88365b57aeb53,91.73
0x12899167ebac6cfd96b61b18eaa5f91f9d859886,91.72
0xe74fe046d6c033a1b2f2dbf253f85449425a4f55,91.72
0x8662f71896d5770e2991a2e6fc1836c5c5ba3a67,91.69
0x159038f1e0183b3ef4eb197016214f6486189338,91.69
0xcb937212f1dffa4dda6837cddb4788d1ce5e0251,91.67
0xa218a8346454c982912cf6d14c714663c2d510d8,91.67
0x48e5013861b25c114e369c3e12dc948008352aea,91.66
0x53c19cf633c65adb9748f884dbd84bd4eded3fba,91.66
0x206e3058eb8ddae476ca1e3936259209dc01c2db,91.62
0xa7f3c74f0255796fd5d3ddcf88db769f7a6bf46a,91.62
0x5d041980e76e766c0b8ca414c4244e75942ccbf2,91.61
0x11b6a5fe2906f3354145613db0d99ceb51f604c9,91.6
0x6dc1c317176fc1f7c1a7f299884c85b362f7b30e,91.58
0xf8b316e1dcbd6427f3c5717d88ce7867f05fc82c,91.57
0x064de67d26030c83297d3d1b3032d088be892e2b,91.57
0xc4b485a4a6faf2a8e17a57f8ed198f058fe2b408,91.51
0x4defa30195094963cfac7285d8d6e6e523c7f90d,91.51
0xbf5b9bd197e9dbf3f2ce58e5b1c35b1bf383b5cc,91.46
0xe826cf83f03732ea35eaf4cd9627d57529feca4b,91.44
0x75a539db04dfcd914b7b2e985662e586c3da3ed4,91.42
0xdcfcbd0ee537882be942477c0955b97ff1903320,91.41
0xc3b439e6364b3f8d07754fb782e509e53b3d0b1f,91.39
0x0a80c3c540eef99811f4579fa7b1a0617294e06f,91.38
0xc40c82d5917f74c97504c5de063f7c4eb3a01750,91.35
0xdfcd4f74729d858f98fe0028d05b27226f0e8bdb,91.34
0xaf5d6846a4b7c2cdfabebf001382bc9cba4dd266,91.34
0x931292c42a5f600e80d75b7c7743f0164240882c,91.31
0x7a1437563a366169ca566e9bcb1f7482bedbff14,91.25
0xedd6d7ba0ff9f4bc501a12529cb736ca76a4fe7e,91.23
0x88aaf4a728e14748cea5e9a3ca1306ac567ba472,91.22
0xa6e8e242a6bbdb87765edb408530348b4f51030b,91.22
0x91b57d4077fb560bddbb4cbe81546b10005b587d,91.22
0x1e60ae150f10a3a1881d17a9f749595030897ce9,91.19
0x3996769bd6bf1f7380895bc969302804b3d3125b,91.19
0x1048e693b121a6386f024f2e97ea17e28537b99a,91.15
0x2f41ed247b918d27300131f07676d33493b74363,91.14
0x2a4e6c78f12333481a6d932ba526eb56bd64f008,91.1
0x436266c46e2c2e7c8546573d72d51b96652ad76d,91.09
0x381a17eb78501498fa183c81648b4165826e1af7,91.09
0x7a69bd5a31f3388ed2eb2a7464aa462c658d1929,91.09
0x14c45cd15d33eaa8aa149e3ca0e6924db143b08c,91.09
0xaa228431cc2b3db67b456e5be5d6877070ed63ab,91.08
0xffd82f197d441201cbcf4a507d11f0efe8aa091a,91.07
0x54543587cd0412d6ea0e852eb62177bc9306a6db,91.05
0x9cfd5052dc827c11a6b3ab2bb5091773765ea2c8,91.05
0xd00ae74b8a2a0b3c17636cdcf4c4e72149f2ee20,91.04
0x3cc228f907bc37cbfdc1e415d2129d68aa3c4864,91.02
0xb3d77ebc988eb7265f8b145accb27bcf2722ee0a,90.98
0x1bdb1783505f626a55a5e3dd3e366df1cd69c055,90.98
0x24e8bb6a37774d8a0187e196beb29601ed5920bf,90.97
0x06c53e7b9de5e016825fd04bf5e6538137174091,90.97
0x9df06d2e25378f01a405c93310e289e8d06c9841,90.97
0xc8315afc044408ff3b56b84fe991c84fe0816e12,90.97
0x1c9f2bdd47c21c0452e00fff270bac3ae33d933e,90.96
0x0951ff0835302929d6c0162b3d2495a85e38ec3a,90.95
0xb3de746d56c652ea0390233a135a4011cacd9be5,90.95
0x30887fc55cbfad3487cb55bfe1779f6d2ba1c118,90.88
0xb9a8deae8115c7d7b8aed2ce4610c54e023e964f,90.86
0x1c49f9aa2dec3ad25d4b3efc29a785cf17691370,90.8
0xf3061977e324ac93e7621f397dffc7bc78489fd4,90.79
0x6d2af065ccb60c0f7e8ec5907c961c42a3447127,90.76
0x9c0d566b965e4361833ae5207b5544bb35827e18,90.76
0x512fce9b07ce64590849115ee6b32fd40ec0f5f3,90.73
0x93d30a4051df1363a11050dd5259494a609ed97e,90.72
0xc980b6cbd623a2e505a64f1b654f7a042fdf6bb5,90.68
0xe80d953d0b4f2931549473e803c95f559b6ea58e,90.67
0xf85a551811c40e7ffb912a21efe2c26277be8ebc,90.65
0x1658a95d08bc44111a93f7afcab8444b7e8dc0c7,90.65
0xfaf95953a36ed1e8f8426ab5b7eb53da246e3476,90.62
0x6f00ce7253bfd3a5a1c307b5e13814bf3433c72f,90.61
0xd3d555bb655acba9452bfc6d7cea8cc7b3628c55,90.59
0x202f0241efd14ec8d82f1165f217ab6cc29fad23,90.56
0x10aa95a9a64b4a72af7f26ea92c737d99d0d5da8,90.55
0x586e32930ac05127de429bd566eaa2758fcbd9bc,90.54
0x3eab4037a2e7f4d4d0946c091fe135838221f2b6,90.52
0xa6e78caa11ad160c6287a071949bb899a009dafa,90.51
0xd97beffdf558b269257feba5df111ab718b71e24,90.5
0x4282890ff9661a51ea367aeddf341c6f6395d4e1,90.49
0xa918add8803e65e97410ec42ae359dfe6663a8a6,90.48
0x2fe555e0d573b4df1040d30ee209911583c2c9ef,90.45
0x45c84e29eaf1f15a89bea1e8146a53d68d409cc2,90.45
0xb4df85cc20b5604496be657b27194926bd878cee,90.41
0xe286e8e6e2e60cac9d077b3a42e2cd79c5faec4f,90.4
0x0e532f71e574e0d2f421e381e4d1ae2c7097b7c8,90.4
0x06d57af6792edf066046aaf958d92ae5558e0e56,90.38
0x2e81655a6a2b16c38ce5e5f8b5bd5b93e1f811cf,90.38
0x410c8568c94f707008bb7a5afd36421b0cf6c307,90.36
0x770fb298e70df0eb42235671a53e3210dd2ec2e9,90.34
0x0029ab135b5be72168bf80f140d60a9264dbd0c5,90.33
0xc5b1928cef3298a5b27a09055bd57149c19edd7e,90.33
0x311bf6e6b6d416a808adf524b2fba791bf257e19,90.29
0xd3bb48f4f01876783ce5f67392c1fe05e1fa0918,90.29
0x5cf77032d178f1e126870d9af26b63ee3400e271,90.28
0x943980b467fe194beb923daf7a544abce90b5f93,90.26
0x581f3c56e8c3c6e8d91654d55f507c18f46e7bc1,90.24
0xbbec95fce30d33d1972d412108a053030e31b654,90.23
0xcd47c8194c0ea6b938327cb82b4f5b9aa0941c61,90.23
0x289795e6177d2170ba43ced4032a585d0677c6b5,90.22
0x7185fbff199928cbae71990ecb3cc4a7be2ff00a,90.22
0x7060380f1f31ec257fb69dd4ec52c2ccc07c31d6,90.19
0xd2adb7b4df854631fa0f790a93b2fa25fad3f56e,90.19
0x23c1d8550966bf6a1fb04fce5dee74c8dd9eab33,90.17
0x5a92bc71ff2cee03202db6b625cb074d588344bb,90.15
0xa4da0f347c6abe0e8bc71b5981fd92b364eda4c2,90.14
0x62643c6da84e112e664cfbfe64dc5302e6b8d0d8,90.13
0x7bacf22f747f2f4b983081c0aa76dddfecd008ab,90.11
0xcd0c599f1b6709a026978a75e0ca2021446e2ed6,90.1
0x524802b34cb508be2062d02a6e1cf577c2e66fba,90.1
0xf0e501e38ed216565ddc50d3f405fe5e5de4a563,90.04
0x50481e120c49588779bb110bb5a0d468661ca5a4,90.03
0x13025800a6eddea918eae73b408eac60824f8ec8,90.02
0xf34f1d3c83ba6dc25f518b986f38a8cecf5eb14e,90.01
0x0cbf84a124f7264e86724b83b77a9a606eadd6bd,89.99
0x6976b21f3c91bd112aa41a6ef9be5212852db6f5,89.97
0x40e652fe0ec7329dc80282a6db8f03253046efde,89.92
0x85cdbf9345cec498a386026f66ce7b40cbbef52a,89.87
0x9389d9e95f8d409b1e6ca7085f0ada92e546ee5f,89.85
0xb819706e897eacf235cdb5048962bd65873202c4,89.85
0x983f14fb20991589de9bdc48d6990ddb8e41d918,89.84
0x11e03d11ba8328b345e21a9c6ad442b64ec85e11,89.84
0x27970d7f5e4241fa3e79eefcfcd302c60b8ff0d5,89.83
0x119e26e8809efd0d2baf690c62bd847271f2e96e,89.82
0x825d4f26ac2f18dbd1fdee85c710abd6aaf78b7d,89.81
0x7225ac33941112883620212d651714c1e4aea0e0,89.81
0x2b32c3ecaf47ed3ad459565c472182f56414c9b2,89.79
0xe4e9bb2c6aabcae687352ba00214771dcd538a35,89.79
0xe7e3f293ff5be247e336f5cdb493c9ace1011a35,89.79
0xaedc687fa5376d2fe9d4b81ebfc8c2ba30ba54ae,89.79
0x13dc08f5ddbcbfdf6ebc04c909c3052a2aa7a111,89.74
0xf2620f8c4bdc46a55d0e3f39569d0d154f5d1981,89.73
0xe7d0ae1823582e5e6c3a0f9bb0526d380b16edf4,89.72
0xd21e9a1471b65465166e99832ade5bd1e3a85c9e,89.7
0xebbcc9b60e2b819f2758c205c8cd986133d21005,89.66
0xb3696bfd947104624a838dd0ae1282756e47ea39,89.65
0x19360799a15730fac556088793895aa7650ee442,89.65
0x26ec7fc8b97d013d3d0664ab78abcb401bf186f0,89.63
0xaeebe2d33fbdf50684161d1c1ed29a42ac915841,89.6
0xe895f40ecf7f32f3c57127c242f961ea93d0470e,89.6
0x96482d545d2f0513dac4f037e98685ca7a3d0afe,89.59
0xcdc65de2a7bc4b56d20e98a387c1528e58bf3441,89.59
0x34456a0a60af4afd40b20430e19bae1f3338504f,89.59
0xa7f3dfed2bcf7b35a8824e11ae8f723650edfb58,89.58
0xd0696dc76308ffbc3b56eb8cd6e598f01e270f41,89.54
0x3d1d660de74051409ad0abe7983277b2268456bb,89.53
0xf9958fc198163c10f34e931d93abf7ef18762a2d,89.53
0x42ab9e1c9332e61eba3a17b53fce2abf73dc8b12,89.52
0x4f3a36c91c392781536348c03dfb8f6e265c277d,89.5
0x1e038a97bbbc8c47be1dc0ab4ea203c6599e946f,89.5
0x180b95b97ea51fc96dcc9950002f45832af7b7b6,89.49
0xbc937bea0a2c74669432992c90517bbf85aed8cd,89.49
0x275c69284ce670e88b5539355d94bd0601981d1d,89.47
0x561445dcad87cddfb1a3b21bb3d1ee4d5e73b485,89.46
0x075102800212aef1077cbb021f710397792e22ac,89.44
0x5212f225f58b8cd4c1cf2a10dcf047449dcb5d86,89.43
0x1e85027191716fa61d97483f26637ba8e4359929,89.41
0xd8982cf39b93ca723ebbca49efd04d4777a9686b,89.41
0x9885a84930e3c8c865a1d3debdc204f990bab7c3,89.4
0xf0b22f7e45a223a106c35eda11bd055a70a234dd,89.37
0x248d09b842142ed5e4ec79d95e62baa46bfb7738,89.36
0x98723710a60bf3d2e32c281d8209935e8925e0d7,89.34
0xffbfc78cd57025f3ef4e478ac5f909a20a22ad50,89.33
0x7044a3e6bf3baf4f0d2f8884a2ee4e2d838f8902,89.33
0xeabf7dec6253f3ddbcb70a93fa9a5d6470f6cf74,89.31
0xc28e23e7d7d6cc0c9c6f08146c71e7d168cae45a,89.3
0x8242d744f0d94f3a3e11258d727ec093e2b4589a,89.3
0x9e9778231e38ec2473f9addcadfb81300d5256cd,89.29
0xe99b1148e185d2b8e4e901f60c0230696d3fde2a,89.28
0x14ffae1d2804eaf261586a6378218eb5e7235066,89.28
0x076c95c6cd2eb823acc6347fdf5b3dd9b83511e4,89.27
0x4c3278cf1c45a3e5bd2000242207870b6c015cb8,89.27
0x515d82a74a9aade721801da71fd35f09799cffaf,89.27
0xf5bb0094b5b7d0c03e0af35c4b4b287805d71467,89.26
0x48c156c85a58f7a995902a4554c2a5a58cb03e0a,89.26
0x3e7dd7df9c1ffd12b8ecd94a27472bdc4d87ab7e,89.26
0x3921452ee82a4b775cdb486d7567e365fbfb7134,89.25
0xa9d43d5b22e5eb975df03f54a90e4d630f448f4b,89.24
0x13295163a7dc6f6a35b078db2aa164c24173c843,89.24
0xf18a8c841104921cfb895f32593096ecf4759f75,89.24
0x1a78e512008b2fac6cea2b8d8e54f1e304f3cd2d,89.22
0x4ae0dbd5c700c64faaf85678fc1fcdf6aba5c5dd,89.2
0x034a4081df0c5a039d05113a7d0b334083a7b084,89.2
0x64ead14ad73ac013dcfa181ca72c13e935fb3c13,89.17
0xcb59db511a5922303cc867e2853d5cad72698deb,89.16
0x062799b5a2fc009f5d8b48360a05c497d8be8364,89.16
0x88856d6ce40d223177c0b345ca1f74a089bb672d,89.15
0x8af82f495137b95e59cbccecc4479f1e07df5f16,89.11
0x3cb08deb531729fbd4776563b792730c8249b121,89.1
0xecf76e6901832b280502aa051b60536d0368dd39,89.08
0xc5c04a665048403b7d7f4f5f1b165cf64385d9c7,89.04
0xa6308eab4fc51b4d1c1213ef0628ada3c04ff47f,89.03
0xee68dc68913ee5606608c90d9b5db8ec4b12774c,89.01
0x9eb408e53dfa0c877b65bbe874de81247212380e,89.0
0x0ba43bae4613e03492e4c17af3b014b6c3202b9d,88.99
0xc66adf81f5002a9f7d8f0e3ec2a523e4a628406b,88.97
0x4ac7b96767c0f6c22cc3defde91d345129a293bb,88.97
0x16f0a28f9a7874207dde61895bfeac49a34915be,88.97
0xf1caf10c5fe421660e8fdf2c0cdaa0be68633b3e,88.96
0x01b29eb97ec05b81abd72b77035d99dc1b482c1a,88.96
0x3cf687bbc6ab9dffee28d325d1336d556b9a230a,88.94
0xd12ca1d1308b34b1ed2aaad8257d52b92af40910,88.93
0x8fdd427fdb9dbdc5d2798cc6711b616467a802f2,88.91
0xcfa69328a74c0eac388b889c21eb3ddd9d41a025,88.9
0xd7925984736824b4aecf8301c9aee211cd976494,88.89
0x12690cdba85ce9f5200110bdf391567e8635d759,88.88
0x19764305e5df2563e2062bcce5429b540d994be1,88.81
0x9f7dd5ea934d188a599567ee104e97fa46cb4496,88.8
0xff4e2d7169d7d56f8b41c63592fa919b4d1b0165,88.79
0x3f70d4927adfad26eb7b1574eea7939d347d902b,88.77
0xb0e1088863f02b7edf67324d02d5093de9b19e0c,88.75
0xa0058b3a974ee3be6aaa8badac1947fe72bb1db9,88.73
0x57bf61b835a8a49fe51aa4614f774d9f01bdda73,88.72
0x3a9f7c8ca36c42d7035e87c3304ee5cbd353a532,88.71
0xd1bf30002eb933155858f62dd5973749d8c516d4,88.71
0x312bb0fd25fea8fd6da8fab80c36152975833a55,88.7
0x71ec9e8cfbba6b8d218b6007d67159213327fb6d,88.7
0x368f6fad75eec78b3c6a5583c0b26a755c058108,88.69
0xaacb53d9ada6825be17020a445c6e9c21a22fe34,88.69
0xc1852f917835a9f2f97112672bc5c8afd1f21dc3,88.69
0x95cfaddac52b76da6e858dd0896a46fcdf79e486,88.68
0x0baf7b79f9174c0840aa93a93a2c2a81044a09a2,88.67
0x8c9e03aadb9c97a33568515e125e840ffba838e9,88.67
0x1c47fb66197f84ce3d92b1ebab9dfbaa656e8150,88.65
0xb97f2482f1b2a50ba5a02ea9ab96f1f148f7e904,88.63
0xde1b62535e31561c78ba20e49053f2dbcff4b9cd,88.62
0xa1872b9b494556777d2b3ac5e699cf7fb377bafc,88.62
0xbf58a83827887a0e4c98cd641aef095ab735ecd1,88.59
0x903ddd91207f737255ca93eb5885c0e087be0fc3,88.58
0xef90422ad2b181465d4c50c79018072e1976618c,88.57
0x797f63620e62dbc83a5bc88c6a43494ded428cbe,88.57
0x2121d752b56227fe28ba8109abeaadd3df07e90b,88.55
0x52e0b17cc061d1ff9bbf986ef2408a660a2d30ab,88.54
0xd6b67750bb8181a327bebe28a1b5b2b440b6cff3,88.54
0x9c2dfd5acbcf22cb9a82eaaee95824faf5e1e035,88.52
0xa7615cd307f323172331865181dc8b80a2834324,88.5
0x0d7c7bb9d42d6fe0008873e862fa03e646da0aef,88.45
0xcce25be0e833dc0ffcefa12bf1867a972e15bc2b,88.43
0xb36d37110417c0ca0b79b5d262868cc9444f7550,88.42
0xec6e6c0841a2ba474e92bf42baf76bfe80e8657c,88.41
0x9057e3b928e0b0b9ca2767a68538b3adb290bc85,88.41
0xf5d26d8bde798b381828c5a3b214abc60860b9da,88.41
0x5029259f5f4125d6517c2082b8b942657af3b509,88.4
0x9709a9f77d4349e1da4220f1458fbe9339d612e3,88.4
0xcf50fb42926b255747fb8b0ea8e26d4e66952ca4,88.39
0xbefbb8d585c10a9687abbaab82af1872ed4d8d12,88.39
0x7e06b4c65a6bcd3068e692a592211e29955f6566,88.38
0xf1c2e041ab05d5330c43d974a1278d17f15d46fb,88.37
0xafbc2a1ea36bbc341751063a35fb574e1c1c90cd,88.36
0x57db5d6aa783cf29af41330569d24957140fd3eb,88.36
0x361622264aed52ff036ff8314adff6657c4153e8,88.34
0xf6fdee29e3a14610fdbe187e2d3442543cfa45b8,88.34
0xe1b0e71dfbf82eb2521ed94508e9b0b6eed6a634,88.33
0x2128adfee4fc6a4c444fe8ee3148e894f87b2b83,88.33
0x8581c388a30518884522fb177a92fc2193510814,88.33
0x2142efcb2870affc21b4f2ebbe3976f446ce2b90,88.33
0xc9c50b55c3085606ff05c70ac8cbaf26240891ae,88.31
0x1a50a6238eb67285ccd4df17f75cce430baae2a4,88.29
0xad54d739ef647b3b29bb5043a16317bdc1ddc470,88.28
0x67168517c1d0835147e2bd66e40a602e9fb9cbd9,88.25
0xfff95dea424c0d7a25471982610a2485f302fb54,88.22
0xf42eb7c923b98d4f98c114db09bd581f89be1171,88.22
0x80d6ed65c0d84656e057fb7e664d619082575bac,88.21
0xb5b4c4f6a656e6a9c1fc301b206b99af95215245,88.21
0x314f5c4756636c0ed347765ae3c1b235ea975e3d,88.2
0x75ca7d963b543fd01bc4d094aa8ab29f115ec35d,88.18
0x52c72f8333bca27b9e489e729da979047e0dab6d,88.17
0xe864166688e95618920e32619753e23175f189ce,88.16
0x9b4c75ce8d7006620df39e8757ade75d6434a6fe,88.15
0xb22e537e10e798fff2376f24c7a39e7c68702349,88.14
0x836fd05a18dc13aa8885a718278e6a316ecca1ff,88.13
0x6555e1cc97d3cba6eaddebbcd7ca51d75771e0b8,88.11
0x0118289457e9fd02c05e37e27a11bd09d3500021,88.11
0x0c8f904694c9017270e5915a399f96185b6dc47f,88.11
0xbc927cf46a2c9de51fe3f950508ac655fe2256d5,88.11
0xabdb1f94bff885bd8933ac4f8aaacda4326491de,88.09
0xd2c930c757752c449c0e8f10633cc2e31fcc4ed5,88.05
0x19ee7696d2a71548a7f1fc9cef644460d7e73297,88.04
0xba333f8ff556bf35d38e102a98daf1c5f6d9d708,88.01
0x00fe460a15b49d09f39b057d0f1a7b9444f4f2be,88.0
0x9eff806ba579ee2bd51bd35b63cd19f6bd6dd0bd,87.98
0x3123f7271ee3ab8041328b6812439d11bfc79817,87.97
0x2a1049062c6cfd69bd38fbaf3b0559df1dbbc92c,87.97
0x4f176cee312eb74289a6be2de9e09ec275cf577b,87.92
0x00778a211057c47a9f8885750bbf48226771bcdc,87.92
0x9edc97c4f8f87ac6c178d1a50db7bc60a0c4a491,87.86
0x9b7b2b4f7a391b6f14a81221ae0920a9735b67fb,87.84
0xea398010f27e03b33cb022d076a41978561e845d,87.84
0x336a566f0cd19c3379676f8932f26c9b1b1aea66,87.82
0xce9114fa0e578fc3a8ff3cee9809fc713b2533ac,87.81
0xc4925ca90d15f19fa8e629f44db89ea03963d153,87.81
0x002f9caf40a444f20813da783d152bdfaf42852f,87.78
0x3771eef3e76329ac4c17962a158a895545795c0d,87.77
0xe8130f62f1212ac1dd1274474e6eb3d3bfb59745,87.74
0x8d6f28e5baa8aad23305b7b9e7ad2e67388667be,87.71
0xf157eba689047d5d6b0ac629bf46a62a59ad501f,87.7
0xdeec9fd8aa3cfd9de0a470ca353bf03ba3006d2b,87.67
0x21bbfed76f3e3fe03d07f98771c3fe188698d0ef,87.62
0x014d808541240a693b48819a600b401cf6b3b8b7,87.6
0x78a083d3ffc762515dc0e168c33f186dca76e45e,87.58
0x14c90b59f95b9405113dfedbae88fdd20c29ee36,87.56
0xff5269e8ae6a9f2ff2a93c770fd35f8ce71712f8,87.56
0x0598df9ef51616e9c015a4f17918507259b22baf,87.52
0x4b1f2b10a8c7d8b37ecf45659cdeddb54f84253e,87.51
0x49a1eb39534f378722036d41d3ab5c92e86b55cf,87.51
0x8a9bcdc68d19e111663d6c986caf1da1eda1c304,87.5
0x848102e06b5f603c7eca9923f8da8517ef99b4ab,87.49
0x47917255d73810620c841a35e5ee42c008e951b0,87.49
0x389135c984febdbb310adaf23a690dc28c8fa62b,87.49
0x540b3f3705ea15a75f759c74fa046dbb47d08981,87.41
0xbfc54c36fbd010d53975ef38e90462c1a7afdb60,87.4
0x8d5238eacb01cebcd06f4fcd7bd321d00124ebf2,87.4
0x47b2efa18736c6c211505aefd321bec3ac3e8779,87.4
0x7219786a67c3ccaf08545d8cc5634af1eb869e5c,87.39
0x60fc976145dd135c6bbc7df9406a60e8c2123850,87.38
0x3edab72359e7658078f4872b7e4827d7242923a0,87.37
0xe2c9cc9fad5e35d3ad3fbfff8bbae6cc053920f7,87.37
0xfa6ce4657af871b5b758cb06a796f31e8f37e9e0,87.33
0xb6aa8a45ea2c6a24898b7a4a3da043c9bffdade6,87.32
0xad56935be2813f35a5a29626a2d1362d6c49c47c,87.31
0x44e88af9ccecc4de798737cc70ee011f6c38d00e,87.3
0x744bf16425eac4e497a9a01e7ab9bdb0b9f3af25,87.3
0x03e3702d91098350d057ded0a05095f703bba2e7,87.29
0xe75c8bcd8b9a36f9cf89442d436686c218c68593,87.28
0x0b9b7a99308064bf1238dff693237429844fa623,87.27
0xe02536ebda777d2b7eff618ab989beff772f8339,87.26
0x2e83b16e2c24d3129ecc40cf43b8dc0f0c5ca8c3,87.26
0x75683ba5d79e01cacb21aef347e5d8a5ef86c06e,87.25
0x2b4f28baef7a09fd61d348925304938312093139,87.25
0x76d06be150766c497a87a90b25fb3eb34e8c4ce9,87.25
0xdfab10160b6fb43b241c581540e46229c581b1b6,87.22
0xbe746b3639af3d3f3a743318f11ce4073e71f42d,87.21
0x1e3a7fbf0bea5d6d66132361a4dbeeaaad5b1689,87.2
0xeb23e02024b8b98dd988d39482ec4bc6d329199d,87.19
0x25cb5b18a3d6c7cf562de456ab8368ed577c0173,87.18
0xca1132ba4e92a247365b0e8dd1ec23a1fad2fdfe,87.14
0x4e4bea4763b0334766933d88e1171af56191b636,87.13
0x8877bcb2223682048badd5b09b7ee5a8fa2f3424,87.13
0x1464d4e3c815de3028572b850c6c34dfc57e9320,87.11
0x9eacf519f5a1e072339463a61143602e696c751c,87.11
0x9b659d5631526d6cb599da65dd0e59a923303d6c,87.1
0x029d68ff4b05fc4102d8caa77e28c585a32cdd16,87.09
0x06763a0717f74b33840ebd85122a5093f828ad38,87.04
0x439b388faa6e3aee0989dedca8df054f29f01553,87.03
0xf42f6d8affb2eeae38d10d9df723b53c8560389c,87.03
0xa8f32cceb477d30a5e6603b498f01c6170175f1f,87.01
0x63af8a41e879fc27b9c4fe0fa5d5f79a5f3f16c7,87.0
0x5668ead1edb8e2a4d724c8fb9cb5ffeabeb422dc,87.0
0x978aad63fe35f7a72573c411c3dff53608aaeac9,87.0
0x72af4a7f781c35cc7c8d4c5042ab7a306ac8df3b,86.99
0xdbf156853b040431a3e5d6d0802800b29e6ebf99,86.98
0xd2f088bdb976eeee9bfc0297603068ff9baedba7,86.98
0xc7932865a7c10996c5e0a96a2c9586b4c9a86551,86.97
0x8f9e6dd01128cc3c148902ebfa648bfcb68ad1ce,86.97
0x3abf8a57b611be2f8269e3f642543555c6179766,86.96
0x3c112d7558a9a80ef8a19342a5869b69d16c39b5,86.95
0xe00d58e8a4850f231c8482681657501d0e49703b,86.94
0x57abba3830751b3f5023710c5fb6c64405270366,86.92
0x8577b84527ced5d2d9f299dc6027a9e049c17d6c,86.87
0x003c52a71c887461087154eccced08cb1c5384a5,86.86
0x10a4509fb431cf08f52b4eebd62569048606304e,86.85
0xf84cc6a984a64468dfd9da25ec44b40c0eb7678c,86.85
0xf55868968409401ec70e3527c3dc50335ee27f4e,86.85
0xefd603747ba4834c84eb3ea3b1674bbcd4d3c6d8,86.83
0x9f0a988edc96dac834c158ebfe667da932bd87c6,86.81
0x24e2b3e7dcede69200223531beaf18b9f19b8ccd,86.81
0x0a80b518586ff4568b5437a816164a7bd53baf37,86.8
0x4098bdb17a75bf739ff592fdc51a3476141d1978,86.78
0x70564145fa8e8a15348ef0190e6b7c07a2120462,86.77
0xff392e83a03f1870b67522b48bf515af9ec124e0,86.75
0xf7ab7c10b2ae4b4d505b037c987f8a59ff69ba6f,86.71
0x4794764b746913abe38dbc7a373022bfee5b4a06,86.69
0xc023b9f7ae09856beee571a4e2d66f0c1de9bba9,86.68
0xb6af88412a30bcaf0e999826eff1acd835f43831,86.66
0xeae9132891b3e8da72ad8971f83744cd345e5ba0,86.65
0x6d3bb376aff5d9197bf3f11e93e2f3dc554507e3,86.64
0xb32b2fb57152a6091fba9fb4803e2df0097c55b4,86.64
0xa1932d804e85ae3b80a2a47446e98e51d65d877e,86.64
0x820c1213562677697b2e470fdde2ebfef209664c,86.63
0xfdd43923340736ffbcb31c808ac644922c1df05d,86.62
0x298afe764ceade43ba80ac4390195e8d9451d6ef,86.62
0x726ca0ca1b4f59e3de69a8d69d97262a10af525a,86.56
0xf84dc4cd6e5eb982cc6790d38842905a06174f8c,86.51
0x474a89f2c8d20788f80dc2f9d09411c43fa2df2b,86.5
0xec305d1588a1aed8e613e493bfd08fe31fa3d7bd,86.5
0xcaba1a66f0049ab97256d75eeb48d540a7a1f8ff,86.49
0x153e016b77a1a0667af61c05187897075d526781,86.48
0x9e9bf7495369e73e76e0f41c00481b16a270711c,86.46
0xb2ea5e5c907f189467fcc5b5fcc967f25985cc14,86.45
0x2b5e682c00a0f873fb6cc34e6125e95090d56b40,86.45
0xb9e5436ccbc77b8c25a3fdb53273cfde1e85990a,86.44
0x103b3a31c6732c8615161757c64d2c5ed7daad38,86.44
0x204d4879a3975e97c852cd89df57ce08a6d2aa20,86.44
0xf4ae6165c3e05ae7426c5b5200e8b9a7565ac595,86.43
0x63ddb0d7750aa11251330fea651e2a7fa1db53df,86.37
0x1f9a1d61fbba4170451726e1a332de94e5afef8c,86.33
0x602b2d2278465ea5823898000140cef95f2b8d56,86.31
0x2a06cd16265ddedfee2ac3b41f0aae2fbae241e3,86.29
0x761525f5c17baaa3d1c7d61616d580792ac653bf,86.28
0x7ecb7a50d54d7985604dba59acb2705b0871572c,86.26
0x39bde2f9254cfef7d0487a27e107ef6c1685e44c,86.2
0xbf7faf866f2a4a003216fa224fe75bd2737d86ff,86.18
0xd6d30f186e802c1558b8137bd730f7f4aec17ae7,86.15
0x708cee2fb3b06170ea9fbff168822b536ce8e6b0,86.14
0x6954644f7dae221ddb66eb59793ce5b6c0e2eec4,86.13
0x23d6f869c4a64f1e8be35c777fdc523cfabee9ef,86.13
0xa2191c3d5a8197708410dc8a22a9e4a07df94ece,86.12
0x4f554e30654369e2cad5f718754278eefe2af7d0,86.12
0x21c7bd199874b71e69fe7fe742ce0f738559d500,86.12
0x72d9f391dfc352105b8aa391475007d4bcefe1e4,86.11
0x1b46d2eb4d5c1f03035bc5e57b2543db50fe338f,86.1
0x98e28650cf30e5aa1b7e9cdb258522ec3cb57614,86.06
0xed0e5161ea537d9f69b9fa062c1bd3dd590abced,86.06
0x2d19f32620f647d08fa8b9a0fa5206fae15c0ed5,86.04
0xf05cbe0ee781ab4432ecd5f6e5ad04551d239561,86.01
0x4b4c129f619cef09246130769d92d137b771cd67,85.96
0x38fb71db5975ae9adc1842bdc032a7b1ed10fc75,85.88
0x99e39611e125ad59214ab8bc62c2e79ef39d1ae0,85.86
0x3566974231473a3456d2305fea0bb0944d2ed698,85.86
0xc4abbb0099c3db6e8bebd3693ed66f7fe020f405,85.83
0x71232ead3bec1ac03ecfe2556acd6c7d0bd349c7,85.81
0xf12692f90b384623b7d3077d6b342bc3871186e6,85.8
0xc66a2b53b98e0184f2dbd3b2e6a4f4bf3283127f,85.78
0x9ffa9cced03b6b0bda116ab14be5ceda2db0e9dd,85.77
0x800c443d4fc0048d2f4a83d64cdec93a824be745,85.76
0x127f6bfe9b238edec1bc3cc129c4c78cc5727871,85.69
0x46015322832a58fa12e669a1abffa4b63251eee6,85.66
0xd24e0a25b7a581d1adadd30c14b009047890e6f2,85.64
0xe8992b1d0737c4cc587eaafe13d7563bd50b5c14,85.62
0x77e8c5f5539473d8aedee2a2c9c3ddad33ebb257,85.62
0xc64de5e0f97c21606e1f31426eb5c98ab729c08e,85.61
0xc265cb0a1c965a6dbdccd2d827fd1d8ccdce4347,85.6
0x0249709880fc44b72f00abbe7f6120c9a61bade7,85.59
0xc8bef1a50119389ae31d2e426f7c71bf8cc10def,85.59
0x20aec996ce9d508a7f51b2a217bf6a87b6be0ef1,85.58
0xca63a1eae2face6eb858d30554da0363716489c9,85.56
0x445c55b9a5338c45eea6f4cc9c1840883729a878,85.56
0x304acce87b3dd9b5019d32fa53866060e5032325,85.55
0xca1dbc246cd82d379f3df25732ca79ffe12b6032,85.55
0x7c8a61537c02afdff15ad6ae7d51dd25edceb0bd,85.54
0x1f92fc15bcbeb4dd24eefbead8d7aee409f891dc,85.53
0x8b26754becb2f0b00f64a4345da8e0f53ddab673,85.53
0xffbc36636cffeee51593f6f8048f618138b5b793,85.51
0xa87259f8e14364953d91f8541a7ba0b32e5e7008,85.51
0x3173acd056c8d6bb3ec849d3f6ffa90b8fda208b,85.48
0xecc996953e976a305ee585a9c7bbbcc85d1c467b,85.46
0x48ecafaa76013fb100cbb140b9395804438c0e58,85.43
0x8eeb3170eea4135b88ec6c058f101d41a29d0cd2,85.37
0x17089a308ee42356dced12e13d8caa33e18c6d96,85.37
0x6f9bb7e454f5b3eb2310343f0e99269dc2bb8a1d,85.36
0x86321c9ee2ab1b06a049f025c6b396c30a1451b5,85.34
0xaf4d7e7b9deba33b7ae57d08bd8eae8ab55d8254,85.32
0x6bb1be45c80e14b6ef600df5b018df12a7b245c4,85.31
0x3111327edd38890c3fe564afd96b4c73e8101747,85.31
0x81c9312860bcf9eddef41d6839ccded0c7961759,85.3
0xcb4e01a69191814e9dbf6193e19cada6ffe0a3a2,85.29
0xb7625573f98f436554fde189bba8f1cdb57a6b97,85.29
0xa50ecb238bfa1b1c9050c58cf3e99c99260c4ed1,85.28
0x38caf77dfe8e588ec4179b8c395644312fc85c49,85.28
0x40d5501eb755cbc39d84cd0c7de74eaf1e952a2c,85.27
0x8e831f16c2aec702f3ef81f2b6ae70dd19fbe08c,85.26
0x9b1b504491fc206368bf048ff564249d8a81caa9,85.25
0x5fade194f53e40a4088a8d8f28cccf45795467ab,85.22
0xe070e13c4af740a93109715b0c7c2ba7c30c4ef2,85.21
0x6ba76dfbbb5e3084b56533717eb1a3c8cd5a6f4e,85.21
0xa3d8d276f6eab243cb22f4d1a5e3cf08476346ef,85.11
0xb7a158f6231c2e894a57640deef4767526321fe3,85.08
0xa06dd7ae30effce6d0aa7fd0fe1a0cd4a1329e4d,85.07
0x9eb24c1ea221216158b7908179c13192fee89b4a,85.07
0xf84440dacfa8e3bdacf7f48409255d9f894f237e,85.06
0x96d747350d3d3f26a06e1e2f523f74ce910f4a55,85.06
0x53c404d148a5c7c164e259f07a87429ad79c00e6,85.03
0xf86b6d7c82597de4441c4d3df218824672990fc9,85.03
0x048a81d4ab58a7670308f0d6728a0bf825c6ae5f,85.03
0xfcd34c86de414b955c41239cff04cd67c04417d0,85.03
0xcc9417ecfbecb3522ed1f70743e00e5a1d2eb4d2,85.02
0xeb1033916a795e424cbe46868d6c08bfb8a2d2f8,85.02
0xb528c573ddd7acaba1a1da77a4fd5a1ea4a32990,85.0
0x9d23f8199acee2903035dd16c3f349af6dd40cf3,84.99
0xd4d5b2788812b2c4df6684050361a0204c9985b6,84.99
0x6d71c5886d08d9a1c6c89038148055297f6440e0,84.96
0xb088a3bc93f71b4de97b9de773e9647645983688,84.95
0xebab1451875186e36da7166aceb8e0e145607423,84.95
0x08072a5fbc90eed1ca4fb863c1df8aa1fec61cfa,84.95
0xca78c111cf45fe0b8d4f3918632ddc33917af882,84.93
0x2f8ad7e46f984410eb9bdf4b9ecf525db20d0dd0,84.92
0x1997169fc82abdc3f54e14e1e2cd75cba24db73c,84.9
0xc7bde5d00c8e0255b6a262a16fd7d5533e436e0c,84.9
0x77feecc45fa31f2639d4c1cee0ccbf138387d79b,84.89
0xf21fbf3ebc41828407f31d4c511267577badbc45,84.88
0xfff7830f9ddb9d48d9e213354c92604ef7e1298b,84.88
0x433056b044b7ae36217349666cd2f1304c86ce90,84.86
0xa97cbdd24bb3fe40fd425dfcb14131646980cf04,84.85
0x6a76274f50711486ab0799e75150130746ab542b,84.85
0xfd0101d908bf7e4a03168b6e90aa7f1e70606225,84.84
0x134d3c15554e065d1c994aa5a14ec066a556841e,84.84
0x120d7c6bef0af3dab374b0f1bd83adc347fbde54,84.84
0x10029869abcebfac65f911732ba0662d9cc69b63,84.83
0xfcef53c80bac7e49a2918641cebc914859dc62d9,84.83
0x697c62503e0e2767741f55ba8a7d62fd78718444,84.82
0xee848a515b6da28e21d26021898ae0e14b256db1,84.8
0x6a06a5ed081990f4313c03aabc70f5874aa43f89,84.79
0x3d7b7734c8a25c6e791be1294c46ab53e778aed5,84.77
0xf78cf7bb109f7fb55e3cba2dd87edd5e836eb0b3,84.77
0x02ef744c9160384ce566b3e41c48fb9b35daf162,84.76
0xab8791b0ae982187b4fb4ae4612bd4c29ec6c110,84.75
0x8b5c2387ba1f401a8f1d7eea37fa8f9fea6969c1,84.74
0xec74a4cc694a17602b2f7a9b080ac5be9f078561,84.71
0xf46ad3ca0aacf10114c76e0b1c077a154e5522bc,84.71
0xccd2eb019b01659b007e3ca2aa6cab205221273a,84.69
0xceb9e948ce562b3b3eaa2495e39841a62815a524,84.69
0x4adaeef3521509a73d6f71177c4ee2cdd184b734,84.69
0xaf7f2ee8a6ddeb1e4b0fbdc8b0ed294e0a8bf1ec,84.64
0x976fdc5dfa145e3cbc690e9fef4a408642732952,84.64
0x0618e076e4fe252b1b73a83c239289dc12055ea3,84.63
0x7245386b3e4d58a34eabbc32879dd95f0df697ba,84.59
0xe0ad79cdd7d049c9c12afcbffa33c58e118c48b0,84.58
0x650a4c05028d0cd1694f1ddd4c8b8c0b2a92e410,84.54
0xe7af3cd4251eadb3102b951c929de54d59bef56a,84.49
0x0558b7a135ccfe3a59de45a239ae3a765d7ab1a2,84.45
0x041dedfec783d8d6d8bd4f81cb3675042151184d,84.45
0x97a8b6076ed6164df582e598dfb363ffa770dd54,84.44
0xd9ceb2bb4b8324d36c284799eb00c7cc19a0f618,84.43
0x7aabd633cdffe1923dfc432ab7c02ea14daaac75,84.41
0x6ec62454447b9adacbebbae86687707a786c8530,84.4
0x42075dd2fd29bc6a10330715631df6d8b698ea61,84.39
0x7dbb308de0a56d159bcd812b6d7d4cea6948e847,84.38
0x2f978eb03ed22c86a1f0c08d4504b4c2cbf2245f,84.37
0x3c906129446b9a0a24b6e221b938cd207c20c521,84.34
0x4fa7811bbc4d7446ad0dd3f39538049df2af2ad5,84.27
0x85dc5fc2e2d5054a459890ce992106f58ecfa93c,84.26
0x60d716fec3e25a00c15eddeae424a7b96daca4b8,84.21
0x3ec61c035543d5529b7315c1fae202f829fe2b20,84.2
0xc7557ee5b5ac2f86df0764d12706f085ea77a845,84.18
0xd27078955887e164fd818869a2953d5eb8aee2db,84.17
0x3a6d6e5e4b8c3e9bac29ed12c4243377e64f9b4a,84.15
0x83539c51899366bbe7eb4dc3085dcc091c5e062d,84.15
0x2f3246fa8d5d8776c29cb5c8ff17cfbf8f0e3055,84.12
0xec7e755928bc29e3c782dbe1238bb117e4256cc1,84.11
0x9c9550871c8d714e90ee03e610b21f156381bdf1,84.08
0xa5ae11dbb0bbab35a746a39d329201e429f065e3,84.05
0xd918fe4229e53ecbf53de43c2a5b5e3aa735c341,84.04
0xc18a3fbab238cdef9741514b2b5fe28ebc49fd0d,84.04
0xcbdb75a5741561e347d4508d96d850f83dcc36ca,84.02
0xe41086f6e4801bf49c0f9e24fb147cdfaf952a89,83.95
0x2fb4a0e0bd649d4532a05a8ca8f3562d6ab408cc,83.9
0x988ebd2dc796711f63e91c36ccb7d05e67704b4d,83.89
0xa549893711fa9b5588d1bc7f7a661a2ce1deb575,83.87
0x3538231cf9b57a35d5bf3c0d3b9ea54ff5863465,83.87
0xd372d109ba3f475a75ef27a0ad00044f33d09a4e,83.87
0x0cbe265011306fd86438c7d23d0dfb1721c20763,83.85
0xa810b58137737445a26c803a552d629a8bb8a01b,83.85
0x893425f1e71fad6646eb70dd17a5f808a012ab4b,83.85
0x02ce3b6c086e88616783163fb095578c86fbd4a9,83.84
0xc27ec7f770043f2d722f7a6925310caa8099d081,83.84
0x3a29e208600227e81a13042d9694438251d6f23a,83.84
0x8552698764b16b26189e8ef0cc095d02691d4837,83.83
0xf55e015769baac7e5861cba62ee775868c335cee,83.8
0x56c935cac3d870b385724cae5eb8eea1505c777f,83.79
0x0ac56b5c0d8d798e10bce16a43f5959d10416fad,83.79
0x8729d7526421c1b9269a88eb607c61a6c1ff4084,83.76
0x23732c68e444c09fca1c139d9e90a58217560224,83.73
0x0fb27f3e9b202a6a3db74b3303d33285760f9166,83.73
0xa2cdabfa4141c59e1406516da6d937e35fcf42e7,83.71
0x2fcc9629560db6bc32c5ee6e0fea0ecd90c89949,83.6
0x877e8ab289f1b3eec7220a8a7edcfe1d87779813,83.59
0x86b7008723acc82651374ba81b951b2a8413743f,83.59
0x9da3682f7d1a6cb12d316225ba99843c3f7f8d2d,83.59
0xc766ca67ed7216bf6f67e449f9789daddcc0e9ee,83.58
0xf8536ca7a25cbf70df754fa310079ada4c6114c2,83.58
0x71bb861eee90ebc82e9ee26778309560fd361538,83.58
0x383f42b5de515c564641f65f5da3bd8b4a35b4b4,83.55
0x2d8fad6cbdc3b6e841415286a617534ec6720ec1,83.55
0x5ba8be640c84e294bd7285b4d7a676ed8e1ff2ec,83.54
0x47486720f580b527fcc7fda72ffe1915f8c02107,83.53
0x1c3d883c9226d354df1c9bebcae51d06e140a27e,83.53
0xd56b98fe204c467ae2acdd585f19601a9456790e,83.51
0x9ee44216215833ff45aea646bdf1b0c3d9f6c064,83.51
0x7b81aa194de872268e294dede70b2c30a3d347cc,83.45
0x069237a95d830bf97f00f695866e73bb47ae0c1d,83.41
0xa85efd19852f56990a708d5d38d49552e8c75512,83.41
0x799a3539e0404b3c3085293692de1c91f074e001,83.4
0x4d4fc2b1d694d3d7647443b79a7efd3bf4efdb41,83.38
0x09a2dc1034db960a1c5b6e21864ddeca881b0f52,83.36
0xb3eb6120f5c03e71dc5fbffef7bd6b7f71b22772,83.35
0x79d93cbf3583e62dd3edbddd1ee1121f8b07af81,83.34
0x90ea1efad9b6c2df0ad2e4f362048fe22bc126f2,83.34
0xeee61d4100c2a8fe0c3b3e9e9dd6b8afd2f2d40d,83.32
0xb335d18843137b21db0c9ebc23e7ed9f0d33f14d,83.32
0x47fc05ebe37333b7fd56c4d66a9988745efed6c9,83.31
0x2235cd349113837ffc6d3e41ad8f64a84f3d20e5,83.28
0xb21090c8f6bac1ba614a3f529aae728ea92b6487,83.26
0xfafae2220433cddba9f0425ccc64a812ab0725f6,83.25
0x3a804a720a6c62b42867746afede4b107ecac072,83.24
0xa24009a666a0ca097353c392256220a1f5f68c13,83.23
0xd8cc3c23c9feb635ba1b18fd449188dda3b086c0,83.23
0x3e4bfef24c93b0641c1ae27e547393cc840345ef,83.22
0x8d043b0c66e374c34a50da181aad0a3fe700f061,83.22
0x5c1acab704098a41a5543bc3a8505e7c72b800f7,83.17
0x818539ad5bc9f943a5ca323a7f9249fac62f25af,83.17
0x7fbe66206e5eb811173af1317bfa2a7838f4c270,83.15
0xb3375a5c855d36c895f3c00e681be1094a5b9d4b,83.13
0x3584ca77ba08bd8b3fe4762e60eb284e37696829,83.13
0xc968c8fd6b87874e17e37cb41e7d8b9bbc640c52,83.12
0x60ad81273c776aea562faeaa601ffc1680ae929d,83.11
0x20b4ece8b6a9d4d93dfeda5f9c905e4ebab3a59f,83.1
0x0073c423a0b5d88b330d481301025db1ab65d891,83.04
0x7a75da34c346f244e54fa2f71b25560efb1f9b20,83.02
0x1e5b5cf3ce6fa10ef40d2a3d06d7bc62d8d032cc,83.02
0xa5b0c665e95545604f0a1dd0e3ecd857a9c2d2c9,83.01
0x054e4d23739dc1c0f3edc34ea874828e1612e004,83.0
0x57c41131600af2d0ea74d7a7ffab385063b89267,83.0
0xf11d95bd4c18e4a792cd3ffb581e2c30890724a3,82.99
0xad4b0951f38fc7a40bb9a5c522206d5a49378dad,82.98
0xc2f833639b69d46422db24000d81ae3ab49f2bb4,82.97
0x03d4695df4b8d321d31c94de8f430e3450f50498,82.97
0x2871b76c348e12b88a28cef388d37326e85e2fec,82.96
0x0e4a51a9a0f3c0f38f9d3d8472985c4a5d020e6a,82.96
0x404d846c95b2a70104fbae9797305beaa27a4062,82.95
0x9de91512807a33d1df1d7ad07a99b220ed719269,82.94
0xaeec62d9a6aeea90e720914b16cb1bbf25f77611,82.9
0x3182ad78c3f102d1ca2e6e63ad949216493cacd0,82.86
0x071a79b04021baf1b6f32a5c233c7d01dbde0e0f,82.86
0x84a721ab15694e736bd2f93efb70ae7a5bfad3d3,82.85
0x84ece745851c477d15cfda32c71f2bebdbfb6218,82.85
0x6c70e3563cef0c6835703bb2664c9f59a92353e4,82.8
0x8014a798ca117e4c44047f5c6cc617bc54296284,82.79
0x17c9c3e835293220a401723811832e3e32fd391b,82.78
0xa900f41187fffa3524ba8243cd1570bcb338f710,82.76
0x9080860073ad25e31ee3bde8114ac5e7ec678138,82.74
0xc3fdadbae46798cd8762185a09c5b672a7aa36bb,82.74
0xffb3bd8b5365758350008118961254c5ecd1f80a,82.72
0x8433540c7e4d086e84a6e1cf4f99d8eea0e1ec09,82.71
0x28d59e2e8d87b4b272a75b384f6f593a41b4df4a,82.7
0x5872a5f39a8e3e85233b20845a6947a4111fcd4d,82.67
0xd70ad9c99996e46c11e018cb6f7e19c00b592359,82.61
0x134d7706f8f542f611a785cf30c693df302f4f24,82.6
0x0e70fd4ea2a0063396fed52a999d64f661774be2,82.59
0x9a26aac2b6fec5dd0463fd5c088a05049b835edb,82.56
0x5682cddb3bbb1731ceb8c4cd761eac9f31b84d27,82.56
0x7221e37fec261309bf4bd4e95dc129f1372f8082,82.52
0xf02bce94a6e11b7a8fc5c38e5868321ccdf753fb,82.51
0x688d0b153c7b74cdd20b54737a9aee6b4d86f160,82.49
0x1d8c813e905cbfd1b2adc0ef3029ce5959c4d67b,82.48
0x151a64570e4997739458455ba4ab5a535fd2e306,82.47
0xbb74a74275ca79b0f808c7a03c65e89735c9fc40,82.45
0x73b5fb0b9b7bac09c20a67dd7b3a9c1dfb7aba68,82.43
0xdc95913ea736a669f9518dc58b90b5d7ea2c8c8a,82.4
0x178662db0ea4aa03f3fef01b869627529ae2fa32,82.38
0xa9bbd5b83ffc706342555e4a38c9c06b2e7441e5,82.35
0xb0804b6dbe7159bddc1b6c9c00c796d94eee1858,82.35
0xf1a54014d7a4e3c5179579b050a0a0a036a158b0,82.34
0x43e08d0e7967ae94ac43f776311659dd080af281,82.33
0x72782b9ea7f51bb96a8d0cf90b1293021a6b7a7b,82.29
0xc0dd6706c461eee71634baa5cc8006918764649d,82.26
0x602dc1d22884e333fca32eb03105773c3b97b22b,82.23
0x8101bf01b2ad8e96f5645c4228a5eba18b6951af,82.17
0xeddc40555769e0a4d6e00ff55b9d37cd6ed8c3ce,82.15
0x107e0c0e0633283a6638e29a9442e3a40679f7e7,82.13
0x58897920c53fd0197a4fb95c291099255ac316a7,82.13
0x52feb9bf6f37bbd01309515feec062632f5ccb2b,82.13
0x01b53373cacdd6b67cd98cdbfecdd07457084e1f,82.09
0xcd8c4106ff54e8ad03f6e3dfc0fee679ac17322c,82.07
0x5d79fc3e6a91e249c1193d8326a912f949568646,82.04
0x6996c784cda7a2841c3a6f579c896477586a1d9a,82.01
0x3033a0657c4823897440b9121c425ec761a7a694,82.0
0xed60eac23f638d2c4e28ba681a0539b7e63a23bd,81.89
0x229229284c0ea7c2a898765a5652fc03f0e35293,81.86
0x1f8a9aa97618c77fad4be22fba26d4ea0507119c,81.84
0x8e8c551b9200cdecb109ef2961d265ca2167541c,81.82
0x716c59f6fb15c8bdb35cb87340c165461e8f39aa,81.8
0x00120ec799017bbab1049174ac3cd706260effc4,81.78
0x82b5a0f4e695539a406b375608bfd9c5613dedad,81.77
0x804faf1cf24eba1df731c1f6c7c7bc3e3315f826,81.76
0xd10e084da255d64b550beb72cee1c11d869376a5,81.75
0x22613c2a7c378868e3beb6657d0853c397c0c744,81.66
0xd2c6c32920a6431968961dcbf54ef2e56fa4603f,81.65
0x794ad3af58b56522b80aa7e9bc04f042c55d5b2f,81.65
0x000000aaee6a496aaf7b7452518781786313400f,81.65
0xa010322f3eea1004d16e1687777440b78f2e558e,81.62
0xc39fa89b072e923b73d19537044d72e502990031,81.6
0x1c7429f62595097315289cebac1fdbda587ad512,81.58
0x3591d261da9ca19d83de5028d4caa02f22aaf9ee,81.55
0x32922e1774043c1dd13a69556bb511aaef4f8df9,81.54
0xbb6d1a9ca8e7f56a385c0808e68627d93193dcdc,81.5
0xaa95db6b03738794b6478ccd08626ca5335f4517,81.5
0xd455992691f18b447823dd12c28bc31626706244,81.47
0xcd35bd62fd15e732b5c8f4a5c878e968547aeaf2,81.45
0xffe11dd3d666da59802f61670b0664519c20f94c,81.36
0x058b6abe08b777bf6380e687a1014f27cad4bb3e,81.35
0x98d539ae90481e921fd9fb826500f2af06337555,81.32
0xdfb00d9a518d82c9141506bbc6fb1fe5e727f55c,81.31
0x57ce34535d005fae8a345d35dbd818f2ee3803a8,81.3
0x8f46901fc234cd942b88e6056ea58226207f4ca5,81.28
0x61f9f97700d391d875fa14e020bd6f1e862ca10b,81.28
0x3c673dd35bfea5267c4f5598a8d441fb13f8475a,81.25
0x310ce0f00b0d64989da96380a48e4409079c8d8e,81.24
0x8873b045d40a458e46e356a96279ae1820a898ba,81.24
0x520ef574f275bb54bac66781834a3ee20e9b6e3c,81.15
0x9fd4369fca86a0a7244363bc2d3dd9e08f439ae9,81.15
0xb4e71a0f74a09ddf76c47234d31111dacbe320d2,81.13
0x9bb36404df5455eeb80205e5730631c6a1d64c9d,81.11
0x8d37a11a65b4f2c541af1312bc44f74a078160c7,81.08
0x3783f95b6cc030b1ccb735bdbabe38b4dcf1cf9a,81.06
0x189c2c1834b1414a6aee9eba5dc4b4d547c9a44c,81.05
0x779df480b2eaa9eb5b4b149135de8dd97c1cc492,81.01
0xb482c76c21f61e47b3b3c19513565a0fee2a7060,80.99
0x1bffafe206cfab42b23dad63cf0b603a673deb64,80.99
0xd8fd20d0590d9ea49067ab288f0f8600eea2bb24,80.98
0x7091de9a5435dba7f051045d64c5ef56bd96064e,80.97
0x40d20149259d690bef45a6830a779dbff6439df5,80.94
0x00a050ae48f4f5463321a9eb2aa2dc2314076ca8,80.94
0xc3e1ceffc8087082baa045a9473edecf3773c122,80.93
0x1055b1ba704158d78672179c61ef77eff2af6021,80.92
0x41b96e9c6758d12a7a1f67952466b2e104532604,80.92
0x05490a77ba53fcc220464b80e7aa101e420192d3,80.89
0xbc8dafeaca658ae0857c80d8aa6de4d487577c63,80.83
0x1ec56fec60690d38b43517dac23eb2871b5adc1d,80.79
0x054013b54780a61a2ec3f728c279c2440905ded1,80.75
0xe1447914f234eb30f8725b2f564e60a655e39cc0,80.74
0x55ea6bef88de368531949cf8961532b9c03c142f,80.71
0xcddbca45d24c868579dc2df93400f98c95c5dbc7,80.7
0xdda79b0625babbf4fe19c039734c47d43299242b,80.69
0xb6317af995693789900f85b2d93d1dd0f5deb558,80.68
0xe5a3d77d7788a83f3549dd7f08fc2aced7e262d2,80.67
0x46779e18b9a45e8309a9104e07219f2357c9a987,80.67
0x9fec196f151e74d5f7285b6538a68bd54cee1642,80.65
0xfeed2ebfafec07ad46233eb2930d8c545ba01441,80.5
0x540467e4d66cea16598240ba82215f459c9b988a,80.43
0xf40d4f2d352fb053f58733152c723f9d08a7cb70,80.4
0xd7a5d688b07a997fdee9896289f9d7d0f02c1f74,80.39
0x90a286841a7e928509c4016186ee4ced3e2ec079,80.3
0xaf0f557a9a7e84bdd02adbc14962df2789d95d4e,80.23
0xe7f581032d0937b0bd2b9ec6dfe1ecac86326ad4,80.21
0x357dd894221f4f8f4bb52aef3da7c618c39c3682,80.19
0xaf0939af286a35dbfab7ded7c777a5f6e8be26a8,80.16
0xe201cd08a9de28546eb8d16544604d6d747f5a75,80.15
0xa1fb1ccf3bd712972b06a089c6c69fe342a52af1,80.14
0x6dcbb3bbda11c6c5aa7ce79aa81c2f10b4a2668f,80.08
0xb6ca56312079292eca531ccc78ca6e9c8a4371ea,80.06
0xc95be28595eb64485dac63ad14f15e41c94ee468,80.06
0x520cf366149d9226f3fdfd876916ff8509418f80,80.02
0x590c88342e577d77733c939e470add2e30dba491,80.01
0x5999865518c9de250b820762130ff7a7119a4558,79.98
0x3b8c618bfdded6544b27ef67cb71043b30655514,79.96
0xb06068f25c6b6944593a91d36a8e4f88985dd846,79.94
0x97b1a097a0139b8f2ec015cd26ed8c0195a1bef0,79.91
0xe5c3f63f8621b75fb6c4148180e265a75f5d2995,79.87
0xf8fbc9298650f49f9b6280ead636c1811c6ca1a1,79.87
0xfadf6dbc1e85a25266d395f8063ce4f7c57f8534,79.86
0x3802746539177b3e0dbae6b105ee18ddb11298a3,79.83
0xfe1fa114b6899bd8c20e0d08401cada067523421,79.82
0x80658e3657882cfa73fff0eb20c92aa5e948230c,79.76
